step,stage,api_or_connector,purpose,current_script_status,production_requirement,source_type
1,authenticate,Microsoft Entra ID / OAuth / service principal / managed identity,Authenticate securely before source-system or Fabric access.,documented_not_executed,No hardcoded credentials; use managed identity or secure secrets.,synthetic
2,extract,"POS, inventory, product, store, pricing, promotion, supplier, finance connectors",Extract operational data from authorized systems.,mock_or_file_based,"Authorized endpoints, rate limits, schema contracts, retry policy, and source ownership.",synthetic
3,land_raw,OneLake / Lakehouse Files / Fabric Data Factory,Land raw source data in a governed raw/Bronze layer.,local_file_output_and_fabric_bundle,"Fabric workspace, Lakehouse, pipeline run history, and data lineage.",synthetic
4,validate,Validation functions / data quality service,"Check schema, row counts, freshness, duplicates, missingness, invalid values.",implemented_locally,Scheduled validation with blocking gates and alerting.,synthetic
5,transform,Fabric notebook / Spark / SQL / Data Factory pipeline,Create Silver cleaned/joined tables and Gold dashboard-ready outputs.,local_transform_plus_fabric_notebook_cell_generated,Run inside Fabric or governed cloud execution with logs.,synthetic
6,score_and_monitor,Model scoring API / MLflow API / monitoring API,"Generate forecasts, recommendations, drift, retraining status, and model audit outputs.",demo_outputs_generated,"Actual model training/scoring service, registry, versioning, and performance monitoring.",synthetic
7,agent_governance,Agent runtime and deterministic tool registry,"Review data quality, model evidence, decision risk, evidence boundaries, and approval needs.",implemented_deterministically,"Persisted traces, approval integration, and security controls.",synthetic
8,approval_and_handoff,Teams/Slack/email/n8n/Jira/ServiceNow/ERP workflow APIs,Route high-risk recommendations for human review before action.,approval_queue_file_based,"Live workflow integration, user identity, timestamps, and approval audit.",synthetic
9,reporting,Streamlit / Power BI / Fabric semantic model,Expose decision-ready outputs to users.,Streamlit_and_file_based_outputs,"Role-based access, refresh schedule, and governed semantic layer.",synthetic
